nome,username,pin,idade,cidade,filme,time,cor
Reginaldo,reginaldo0,4549,57,riberao preto,paprika,sao paulo,vermelho
Amadeu,amadeu1,3499,43,curitiba,era do gelo,barcelona,laranja
Rick,rick2,9245,48,riberao preto,novica rebelde,cruzeiro,azul
Ana,ana3,2235,59,sao carlos,sonic,sao paulo,roxo
Annie,annie4,2964,41,florianopolis,era do gelo,corinthians,verde
Leandro,leandro5,5442,69,rio de janeiro,shrek,manchester united,marrom
Murilo,murilo6,9023,27,manaus,detetive pikachu,flamengo,azul
Rick,rick7,5733,15,sao carlos,era do gelo,palmeiras,vermelho
Marcos,marcos8,1180,37,sao paulo,tomates verdes e fritos,flamengo,branco
Reginaldo,reginaldo9,3399,42,manaus,shrek,manchester united,verde
Leandro,leandro10,1353,36,rio branco,paprika,brasil,preto
Jonas,jonas11,6759,31,campinas,novica rebelde,real madrid,cinza
Sampaio,sampaio12,3973,23,florianopolis,kimi no na wa,cruzeiro,branco
Andre,andre13,6915,62,curitiba,paprika,barcelona,cinza
Tereza,tereza14,9198,39,rio de janeiro,paprika,flamengo,roxo
Pedro,pedro15,6769,36,campinas,tomates verdes e fritos,brasil,vermelho
Luciana,luciana16,3034,21,rio de janeiro,rocketman,real madrid,roxo
Michele,michele17,1928,17,curitiba,shrek,flamengo,branco
Tereza,tereza18,4448,55,manaus,tomates verdes e fritos,corinthians,laranja
Ana,ana19,2371,54,sao carlos,shrek,sao paulo,marrom
Rosana,rosana20,9550,13,salvador,novica rebelde,corinthians,marrom
Jonas,jonas21,6909,69,campinas,shrek,sao caetano,roxo
Leandro,leandro22,1704,14,rio de janeiro,sonic,palmeiras,laranja
Amadeu,amadeu23,1467,19,rio branco,tomates verdes e fritos,palmeiras,roxo
Annie,annie24,1486,63,sao paulo,eu sou a lenda,flamengo,laranja
Mateus,mateus25,2468,33,rio branco,detetive pikachu,barcelona,laranja
Julia,julia26,5073,51,sao paulo,rocketman,brasil,vermelho
Annie,annie27,6192,63,riberao preto,era do gelo,sao caetano,marrom
Sampaio,sampaio28,9328,63,florianopolis,paprika,brasil,branco
Annie,annie29,7001,40,sao carlos,detetive pikachu,palmeiras,azul
Maria,maria30,3232,48,rio de janeiro,shrek,barcelona,vermelho
Ana,ana31,1667,48,rio de janeiro,era do gelo,manchester united,branco
Almir,almir32,5914,53,sao carlos,sonic,manchester united,branco
Luciana,luciana33,4027,61,curitiba,eu sou a lenda,barcelona,laranja
Sampaio,sampaio34,3105,51,curitiba,sonic,barcelona,marrom
Mateus,mateus35,6596,12,curitiba,era do gelo,cruzeiro,verde
Renata,renata36,2661,47,campinas,shrek,barcelona,marrom
Felipe,felipe37,9288,51,campinas,tomates verdes e fritos,manchester united,azul
Almir,almir38,8896,51,sao paulo,novica rebelde,barcelona,laranja
Andre,andre39,6999,27,riberao preto,tomates verdes e fritos,barcelona,roxo
Annie,annie40,1032,60,manaus,novica rebelde,real madrid,branco
Michele,michele41,7883,52,sao carlos,era do gelo,barcelona,marrom
Rick,rick42,9246,62,rio de janeiro,shrek,manchester united,preto
Michele,michele43,9186,63,curitiba,rocketman,sao paulo,preto
Reginaldo,reginaldo44,5431,38,florianopolis,sonic,corinthians,roxo
Tereza,tereza45,7547,18,campinas,sonic,palmeiras,marrom
Mateus,mateus46,2997,40,sao carlos,novica rebelde,barcelona,vermelho
Michele,michele47,9176,47,florianopolis,detetive pikachu,real madrid,vermelho
Murilo,murilo48,6929,47,rio de janeiro,novica rebelde,sao caetano,roxo
Maria,maria49,4272,27,manaus,eu sou a lenda,real madrid,branco
Andre,andre50,3389,50,riberao preto,sonic,sao paulo,cinza
Camilla,camilla51,5659,22,salvador,sonic,palmeiras,vermelho
Ana,ana52,3934,54,campinas,paprika,barcelona,cinza
Tiago,tiago53,4697,10,riberao preto,shrek,corinthians,roxo
Reginaldo,reginaldo54,7489,12,curitiba,paprika,brasil,preto
Regina,regina55,8786,15,sao paulo,kimi no na wa,barcelona,verde
Sampaio,sampaio56,2185,13,sao paulo,sonic,brasil,verde
Luciana,luciana57,2072,45,salvador,rocketman,manchester united,vermelho
Juliana,juliana58,8998,39,sao carlos,era do gelo,manchester united,verde
Andre,andre59,3102,60,sao paulo,eu sou a lenda,flamengo,roxo
Regina,regina60,3029,60,rio de janeiro,kimi no na wa,palmeiras,vermelho
Sampaio,sampaio61,6932,12,rio de janeiro,shrek,cruzeiro,cinza
Juliana,juliana62,2989,22,campinas,novica rebelde,cruzeiro,marrom
Jonas,jonas63,2803,34,manaus,sonic,corinthians,vermelho
Leandro,leandro64,2392,43,sao paulo,kimi no na wa,barcelona,vermelho
Jonas,jonas65,3344,49,salvador,paprika,cruzeiro,cinza
Tereza,tereza66,3807,49,sao paulo,rocketman,palmeiras,verde
Camilla,camilla67,5666,34,manaus,shrek,palmeiras,verde
Tiago,tiago68,1296,13,campinas,novica rebelde,cruzeiro,marrom
Julia,julia69,1010,10,manaus,tomates verdes e fritos,cruzeiro,cinza
Mateus,mateus70,4072,50,florianopolis,era do gelo,barcelona,cinza
Mateus,mateus71,2414,40,florianopolis,era do gelo,flamengo,roxo
Murilo,murilo72,7354,63,salvador,shrek,flamengo,preto
Michele,michele73,5962,66,curitiba,rocketman,flamengo,marrom
Sampaio,sampaio74,6350,50,rio branco,paprika,barcelona,cinza
Andre,andre75,6739,56,riberao preto,shrek,corinthians,verde
Regina,regina76,2502,58,florianopolis,detetive pikachu,cruzeiro,amarelo
Andre,andre77,6372,49,salvador,novica rebelde,manchester united,azul
Tereza,tereza78,5663,60,salvador,novica rebelde,real madrid,laranja
Marcos,marcos79,8329,33,campinas,sonic,sao paulo,amarelo
Ana,ana80,4660,11,riberao preto,rocketman,palmeiras,laranja
Luciana,luciana81,5296,70,sao paulo,eu sou a lenda,cruzeiro,laranja
Felipe,felipe82,2978,48,rio branco,shrek,real madrid,amarelo
Reginaldo,reginaldo83,9573,67,florianopolis,shrek,barcelona,laranja
Felipe,felipe84,5297,67,curitiba,detetive pikachu,flamengo,roxo
Regina,regina85,8022,56,rio branco,tomates verdes e fritos,brasil,branco
Renata,renata86,4621,44,salvador,era do gelo,sao paulo,amarelo
Marcos,marcos87,6884,65,rio de janeiro,era do gelo,palmeiras,roxo
Marcos,marcos88,2791,49,salvador,era do gelo,manchester united,azul
Julia,julia89,6072,24,sao paulo,kimi no na wa,sao caetano,branco
Andre,andre90,7936,64,rio branco,novica rebelde,real madrid,amarelo
Teodoro,teodoro91,6751,68,sao carlos,tomates verdes e fritos,palmeiras,vermelho
Pedro,pedro92,7728,39,rio de janeiro,paprika,sao paulo,cinza
Camilla,camilla93,7467,66,sao carlos,tomates verdes e fritos,sao paulo,preto
Camilla,camilla94,2586,17,rio de janeiro,paprika,sao caetano,roxo
Roberto,roberto95,5156,49,rio branco,novica rebelde,cruzeiro,azul
Murilo,murilo96,5467,36,rio de janeiro,tomates verdes e fritos,flamengo,laranja
Mateus,mateus97,1312,36,florianopolis,shrek,barcelona,branco
Marcos,marcos98,5711,22,campinas,era do gelo,barcelona,cinza
Maria,maria99,4073,13,riberao preto,detetive pikachu,cruzeiro,verde
Michele,michele100,3816,55,rio de janeiro,detetive pikachu,sao paulo,laranja
Marcos,marcos101,1913,19,rio de janeiro,novica rebelde,manchester united,azul
Pedro,pedro102,9509,13,rio branco,sonic,corinthians,laranja
Mateus,mateus103,6261,39,florianopolis,paprika,manchester united,laranja
Jonas,jonas104,3027,26,campinas,rocketman,sao caetano,branco
Renata,renata105,2851,41,curitiba,kimi no na wa,cruzeiro,verde
Luciana,luciana106,3421,52,manaus,tomates verdes e fritos,brasil,preto
Tereza,tereza107,1145,61,florianopolis,era do gelo,barcelona,verde
Leandro,leandro108,8632,25,rio de janeiro,eu sou a lenda,manchester united,cinza
Andre,andre109,5779,60,rio branco,shrek,barcelona,vermelho
Marcos,marcos110,1214,10,curitiba,tomates verdes e fritos,brasil,cinza
Jose,jose111,5207,14,sao carlos,sonic,flamengo,azul
Rosana,rosana112,3203,53,campinas,eu sou a lenda,flamengo,cinza
Mateus,mateus113,5283,56,riberao preto,eu sou a lenda,manchester united,marrom
Amadeu,amadeu114,9303,15,riberao preto,paprika,sao paulo,preto
Ana,ana115,8287,15,riberao preto,tomates verdes e fritos,sao paulo,branco
Amadeu,amadeu116,1870,69,florianopolis,kimi no na wa,cruzeiro,amarelo
Luciana,luciana117,6886,29,campinas,novica rebelde,sao caetano,vermelho
Tiago,tiago118,6938,16,florianopolis,rocketman,corinthians,verde
Leandro,leandro119,3811,67,riberao preto,novica rebelde,sao caetano,laranja
Murilo,murilo120,2904,37,sao carlos,kimi no na wa,real madrid,azul
Maria,maria121,2135,38,sao paulo,shrek,brasil,verde
Michele,michele122,8804,13,sao paulo,rocketman,sao paulo,branco
Roberto,roberto123,4491,46,campinas,shrek,manchester united,amarelo
Sampaio,sampaio124,6199,66,rio de janeiro,shrek,barcelona,vermelho
Roberto,roberto125,8271,33,riberao preto,paprika,palmeiras,cinza
Jonas,jonas126,6716,41,campinas,rocketman,manchester united,verde
Suzana,suzana127,7803,46,sao carlos,novica rebelde,sao paulo,marrom
Reginaldo,reginaldo128,7617,21,campinas,kimi no na wa,sao paulo,cinza
Roberto,roberto129,5317,26,sao carlos,tomates verdes e fritos,cruzeiro,branco
Felipe,felipe130,5562,57,rio branco,novica rebelde,corinthians,laranja
Camilla,camilla131,8860,24,campinas,era do gelo,palmeiras,cinza
Amadeu,amadeu132,1256,46,campinas,shrek,brasil,preto
Rosana,rosana133,8920,20,sao carlos,kimi no na wa,real madrid,vermelho
Maria,maria134,1906,29,florianopolis,era do gelo,sao paulo,cinza
Amadeu,amadeu135,4588,32,manaus,tomates verdes e fritos,manchester united,azul
Pedro,pedro136,4889,63,campinas,sonic,real madrid,preto
Felipe,felipe137,3214,45,manaus,novica rebelde,brasil,amarelo
Jose,jose138,2732,62,sao carlos,tomates verdes e fritos,sao paulo,azul
Pedro,pedro139,3598,59,campinas,era do gelo,sao paulo,azul
Rick,rick140,7975,16,florianopolis,tomates verdes e fritos,flamengo,laranja
Maria,maria141,5192,60,florianopolis,shrek,real madrid,roxo
Sampaio,sampaio142,2392,51,manaus,kimi no na wa,manchester united,amarelo
Camilla,camilla143,7453,38,salvador,eu sou a lenda,corinthians,roxo
Tereza,tereza144,4996,24,campinas,tomates verdes e fritos,barcelona,laranja
Luciana,luciana145,4091,13,sao paulo,detetive pikachu,palmeiras,branco
Leandro,leandro146,3558,20,manaus,sonic,palmeiras,verde
Teodoro,teodoro147,4476,18,curitiba,novica rebelde,cruzeiro,branco
Roberto,roberto148,8821,19,florianopolis,kimi no na wa,barcelona,amarelo
Leandro,leandro149,7705,69,rio branco,eu sou a lenda,sao caetano,azul
Pedro,pedro150,9095,12,curitiba,novica rebelde,corinthians,marrom
Camilla,camilla151,1662,38,curitiba,sonic,cruzeiro,cinza
Julia,julia152,2820,58,campinas,eu sou a lenda,flamengo,amarelo
Marcos,marcos153,4224,66,rio branco,novica rebelde,flamengo,cinza
Mateus,mateus154,9292,66,sao paulo,detetive pikachu,flamengo,laranja
Suzana,suzana155,2694,27,campinas,tomates verdes e fritos,brasil,azul
Jonas,jonas156,4154,63,rio de janeiro,rocketman,cruzeiro,branco
Camilla,camilla157,6740,36,sao paulo,paprika,barcelona,branco
Roberto,roberto158,3381,58,rio de janeiro,novica rebelde,brasil,vermelho
Suzana,suzana159,7282,64,sao paulo,detetive pikachu,sao paulo,verde
Tiago,tiago160,9328,51,florianopolis,tomates verdes e fritos,manchester united,roxo
Sampaio,sampaio161,3006,16,curitiba,detetive pikachu,manchester united,amarelo
Reginaldo,reginaldo162,9185,33,rio branco,novica rebelde,sao paulo,preto
Marcos,marcos163,9256,48,manaus,era do gelo,manchester united,vermelho
Jose,jose164,7246,11,campinas,era do gelo,cruzeiro,laranja
Pedro,pedro165,3172,51,riberao preto,sonic,brasil,roxo
Renata,renata166,4006,48,sao carlos,tomates verdes e fritos,sao caetano,roxo
Murilo,murilo167,2910,33,riberao preto,novica rebelde,sao caetano,roxo
Amadeu,amadeu168,5774,41,rio de janeiro,tomates verdes e fritos,manchester united,cinza
Reginaldo,reginaldo169,3118,35,riberao preto,sonic,sao caetano,amarelo
Rick,rick170,8926,49,rio de janeiro,tomates verdes e fritos,corinthians,amarelo
Regina,regina171,3723,45,florianopolis,rocketman,flamengo,verde
Camilla,camilla172,9864,58,manaus,rocketman,barcelona,verde
Jonas,jonas173,8777,42,salvador,eu sou a lenda,flamengo,vermelho
Julia,julia174,1390,58,salvador,paprika,real madrid,marrom
Tiago,tiago175,7347,24,salvador,eu sou a lenda,palmeiras,amarelo
Leandro,leandro176,8118,17,sao carlos,shrek,flamengo,laranja
Juliana,juliana177,3231,21,sao paulo,novica rebelde,brasil,verde
Felipe,felipe178,7103,67,riberao preto,shrek,brasil,vermelho
Maria,maria179,2387,15,riberao preto,detetive pikachu,barcelona,vermelho
Reginaldo,reginaldo180,2276,62,manaus,paprika,flamengo,laranja
Tereza,tereza181,9162,16,sao paulo,novica rebelde,barcelona,azul
Almir,almir182,1315,49,curitiba,shrek,manchester united,preto
Luciana,luciana183,3826,44,sao paulo,sonic,cruzeiro,cinza
Renata,renata184,9873,25,sao carlos,novica rebelde,sao paulo,laranja
Marcos,marcos185,1743,18,riberao preto,paprika,corinthians,marrom
Tiago,tiago186,6078,58,curitiba,rocketman,real madrid,cinza
Juliana,juliana187,1319,19,riberao preto,kimi no na wa,brasil,cinza
Sampaio,sampaio188,4545,52,sao carlos,kimi no na wa,flamengo,vermelho
Jose,jose189,1360,66,salvador,novica rebelde,sao caetano,vermelho
Roberto,roberto190,3916,16,rio de janeiro,detetive pikachu,flamengo,verde
Jose,jose191,4198,44,florianopolis,kimi no na wa,brasil,laranja
Jonas,jonas192,5021,32,salvador,detetive pikachu,sao caetano,marrom
Felipe,felipe193,1057,12,riberao preto,eu sou a lenda,flamengo,preto
Mateus,mateus194,1331,48,rio de janeiro,kimi no na wa,brasil,laranja
Ana,ana195,6821,22,riberao preto,eu sou a lenda,brasil,laranja
Murilo,murilo196,5330,15,sao carlos,paprika,real madrid,verde
Amadeu,amadeu197,5741,34,rio branco,rocketman,real madrid,marrom
Julia,julia198,4675,10,riberao preto,sonic,cruzeiro,azul
Teodoro,teodoro199,4487,44,sao paulo,eu sou a lenda,brasil,marrom
Marcos,marcos200,5856,30,curitiba,eu sou a lenda,real madrid,laranja
Rick,rick201,8857,25,riberao preto,kimi no na wa,cruzeiro,marrom
Michele,michele202,1804,35,salvador,sonic,real madrid,preto
Rick,rick203,1779,27,riberao preto,sonic,palmeiras,cinza
Jose,jose204,6717,46,salvador,novica rebelde,flamengo,branco
Felipe,felipe205,4060,42,sao carlos,tomates verdes e fritos,brasil,cinza
Camilla,camilla206,4985,44,salvador,rocketman,flamengo,azul
Suzana,suzana207,4892,29,rio branco,rocketman,cruzeiro,marrom
Annie,annie208,5264,42,salvador,novica rebelde,sao paulo,azul
Almir,almir209,1452,11,curitiba,kimi no na wa,manchester united,verde
Andre,andre210,4159,39,rio de janeiro,shrek,sao caetano,marrom
Renata,renata211,1429,60,manaus,sonic,sao paulo,vermelho
Annie,annie212,7805,13,rio branco,tomates verdes e fritos,manchester united,amarelo
Renata,renata213,7324,42,campinas,shrek,manchester united,roxo
Tiago,tiago214,2076,54,riberao preto,sonic,corinthians,branco
Almir,almir215,3392,54,salvador,kimi no na wa,manchester united,branco
Teodoro,teodoro216,7214,26,riberao preto,sonic,barcelona,marrom
Maria,maria217,9158,27,sao paulo,era do gelo,palmeiras,verde
Marcos,marcos218,4423,55,salvador,rocketman,real madrid,preto
Annie,annie219,7109,23,rio de janeiro,paprika,flamengo,cinza
Almir,almir220,5396,57,sao paulo,novica rebelde,sao caetano,cinza
Camilla,camilla221,4389,48,manaus,tomates verdes e fritos,flamengo,vermelho
Pedro,pedro222,7560,68,rio de janeiro,novica rebelde,cruzeiro,marrom
Andre,andre223,2485,10,salvador,detetive pikachu,corinthians,cinza
Teodoro,teodoro224,2508,49,sao paulo,era do gelo,real madrid,azul
Sampaio,sampaio225,5164,67,curitiba,detetive pikachu,manchester united,marrom
Roberto,roberto226,5353,14,sao paulo,tomates verdes e fritos,sao caetano,preto
Juliana,juliana227,7616,11,rio branco,paprika,sao caetano,laranja
Amadeu,amadeu228,3408,29,salvador,sonic,flamengo,laranja
Rosana,rosana229,4435,51,rio branco,detetive pikachu,cruzeiro,vermelho
Tereza,tereza230,2767,19,florianopolis,era do gelo,corinthians,cinza
Pedro,pedro231,3412,15,rio de janeiro,eu sou a lenda,sao paulo,roxo
Michele,michele232,2441,50,campinas,sonic,flamengo,roxo
Reginaldo,reginaldo233,9568,56,rio branco,kimi no na wa,real madrid,cinza
Mateus,mateus234,1541,26,florianopolis,tomates verdes e fritos,real madrid,verde
Rick,rick235,6833,39,florianopolis,paprika,manchester united,azul
Michele,michele236,7294,21,florianopolis,detetive pikachu,palmeiras,amarelo
Almir,almir237,8490,49,sao carlos,shrek,real madrid,roxo
Roberto,roberto238,8631,70,rio de janeiro,paprika,corinthians,roxo
Mateus,mateus239,7030,60,sao carlos,kimi no na wa,barcelona,branco
Ana,ana240,9069,69,sao carlos,rocketman,sao paulo,branco
Regina,regina241,1125,37,riberao preto,detetive pikachu,sao caetano,cinza
Camilla,camilla242,5567,70,riberao preto,kimi no na wa,flamengo,azul
Almir,almir243,3110,22,curitiba,paprika,sao caetano,laranja
Felipe,felipe244,4125,38,curitiba,tomates verdes e fritos,real madrid,verde
Reginaldo,reginaldo245,6418,45,rio de janeiro,era do gelo,sao caetano,azul
Regina,regina246,2193,66,sao paulo,era do gelo,flamengo,cinza
Annie,annie247,9187,64,rio de janeiro,novica rebelde,sao caetano,verde
Marcos,marcos248,2082,23,rio de janeiro,sonic,cruzeiro,marrom
Jonas,jonas249,2027,30,salvador,shrek,flamengo,cinza
Renata,renata250,9663,63,riberao preto,eu sou a lenda,palmeiras,cinza
Jonas,jonas251,7686,54,riberao preto,era do gelo,cruzeiro,branco
Teodoro,teodoro252,7330,51,florianopolis,detetive pikachu,palmeiras,roxo
Juliana,juliana253,6157,61,sao paulo,era do gelo,sao paulo,laranja
Murilo,murilo254,2016,34,riberao preto,eu sou a lenda,corinthians,laranja
Mateus,mateus255,1902,35,rio branco,detetive pikachu,sao paulo,verde
Jose,jose256,7824,48,rio de janeiro,sonic,barcelona,roxo
Almir,almir257,2799,25,salvador,shrek,sao paulo,laranja
Regina,regina258,3574,18,florianopolis,kimi no na wa,manchester united,laranja
Regina,regina259,8368,17,campinas,paprika,manchester united,laranja
Amadeu,amadeu260,7216,21,rio de janeiro,sonic,palmeiras,laranja
Michele,michele261,2087,52,sao carlos,kimi no na wa,flamengo,marrom
Rosana,rosana262,1399,31,salvador,kimi no na wa,real madrid,amarelo
Jonas,jonas263,1167,11,rio de janeiro,detetive pikachu,sao paulo,cinza
Amadeu,amadeu264,7239,34,salvador,kimi no na wa,manchester united,marrom
Sampaio,sampaio265,4653,29,riberao preto,rocketman,sao caetano,branco
Reginaldo,reginaldo266,9631,53,rio branco,eu sou a lenda,sao caetano,amarelo
Renata,renata267,5943,65,sao paulo,rocketman,flamengo,preto
Murilo,murilo268,1701,17,sao carlos,shrek,manchester united,verde
Tiago,tiago269,1977,37,rio branco,rocketman,brasil,marrom
Marcos,marcos270,8186,50,florianopolis,shrek,barcelona,cinza
Amadeu,amadeu271,5039,29,sao paulo,paprika,corinthians,roxo
Julia,julia272,2527,35,rio branco,tomates verdes e fritos,manchester united,roxo
Suzana,suzana273,1555,59,sao carlos,novica rebelde,corinthians,roxo
Tereza,tereza274,1462,64,riberao preto,detetive pikachu,manchester united,verde
Andre,andre275,9561,37,manaus,sonic,brasil,amarelo
Murilo,murilo276,1085,47,rio branco,novica rebelde,sao caetano,branco
Luciana,luciana277,6316,14,curitiba,era do gelo,palmeiras,verde
Sampaio,sampaio278,2334,57,salvador,novica rebelde,cruzeiro,preto
Marcos,marcos279,3196,61,campinas,novica rebelde,corinthians,azul
Andre,andre280,1581,39,rio branco,eu sou a lenda,sao paulo,branco
Ana,ana281,2422,64,campinas,shrek,flamengo,roxo
Murilo,murilo282,8568,55,rio de janeiro,paprika,manchester united,marrom
Mateus,mateus283,2854,68,rio de janeiro,sonic,palmeiras,cinza
Maria,maria284,1979,66,rio de janeiro,novica rebelde,real madrid,preto
Ana,ana285,5676,21,salvador,era do gelo,sao caetano,roxo
Luciana,luciana286,1423,28,florianopolis,detetive pikachu,sao caetano,azul
Pedro,pedro287,6235,57,sao paulo,shrek,brasil,vermelho
Ana,ana288,6080,22,florianopolis,era do gelo,sao paulo,roxo
Reginaldo,reginaldo289,5760,31,sao paulo,eu sou a lenda,manchester united,laranja
Jonas,jonas290,6739,57,sao carlos,era do gelo,sao caetano,branco
Julia,julia291,2219,11,curitiba,shrek,palmeiras,laranja
Jose,jose292,6091,60,riberao preto,novica rebelde,sao caetano,verde
Teodoro,teodoro293,2248,55,campinas,era do gelo,sao paulo,marrom
Jonas,jonas294,6948,30,curitiba,tomates verdes e fritos,sao paulo,laranja
Annie,annie295,2774,45,salvador,kimi no na wa,cruzeiro,azul
Marcos,marcos296,4810,41,salvador,paprika,barcelona,preto
Roberto,roberto297,4245,66,rio branco,sonic,cruzeiro,laranja
Mateus,mateus298,8050,29,florianopolis,sonic,cruzeiro,vermelho
Amadeu,amadeu299,7933,66,riberao preto,paprika,real madrid,preto
Juliana,juliana300,1924,27,manaus,rocketman,palmeiras,branco
Jose,jose301,2371,22,campinas,rocketman,sao paulo,laranja
Suzana,suzana302,8206,17,sao carlos,rocketman,real madrid,azul
Suzana,suzana303,1921,33,riberao preto,detetive pikachu,barcelona,amarelo
Reginaldo,reginaldo304,8223,57,sao carlos,paprika,sao caetano,amarelo
Luciana,luciana305,8926,34,rio branco,eu sou a lenda,manchester united,laranja
Leandro,leandro306,7528,18,salvador,rocketman,corinthians,marrom
Roberto,roberto307,7428,58,sao carlos,detetive pikachu,sao paulo,branco
Tereza,tereza308,5448,34,salvador,tomates verdes e fritos,sao paulo,verde
Felipe,felipe309,3334,19,campinas,novica rebelde,manchester united,laranja
Mateus,mateus310,2406,19,riberao preto,detetive pikachu,corinthians,preto
Murilo,murilo311,6099,10,salvador,tomates verdes e fritos,palmeiras,verde
Roberto,roberto312,1019,44,riberao preto,sonic,flamengo,vermelho
Teodoro,teodoro313,2481,70,rio branco,sonic,sao paulo,verde
Julia,julia314,7358,22,riberao preto,detetive pikachu,barcelona,amarelo
Amadeu,amadeu315,7028,54,sao carlos,tomates verdes e fritos,brasil,verde
Leandro,leandro316,6086,29,campinas,rocketman,palmeiras,amarelo
Marcos,marcos317,8816,53,florianopolis,eu sou a lenda,brasil,cinza
Regina,regina318,8698,39,sao paulo,rocketman,cruzeiro,marrom
Luciana,luciana319,1566,23,sao carlos,shrek,flamengo,vermelho
Annie,annie320,7296,70,curitiba,tomates verdes e fritos,barcelona,roxo
Sampaio,sampaio321,2897,40,florianopolis,eu sou a lenda,corinthians,marrom
Roberto,roberto322,9357,46,salvador,shrek,sao caetano,laranja
Renata,renata323,8022,31,riberao preto,detetive pikachu,manchester united,branco
Julia,julia324,5621,25,salvador,tomates verdes e fritos,corinthians,azul
Regina,regina325,6126,18,manaus,shrek,cruzeiro,preto
Reginaldo,reginaldo326,8732,68,rio branco,shrek,manchester united,laranja
Julia,julia327,6875,18,rio branco,sonic,real madrid,verde
Almir,almir328,1403,48,florianopolis,rocketman,palmeiras,vermelho
Amadeu,amadeu329,2270,36,rio de janeiro,shrek,manchester united,laranja
Jose,jose330,2801,56,manaus,eu sou a lenda,brasil,vermelho
Reginaldo,reginaldo331,3596,62,curitiba,paprika,flamengo,vermelho
Marcos,marcos332,5295,11,campinas,rocketman,cruzeiro,laranja
Rosana,rosana333,5880,64,florianopolis,era do gelo,barcelona,roxo
Murilo,murilo334,9045,50,florianopolis,eu sou a lenda,real madrid,preto
Tiago,tiago335,2342,44,sao paulo,sonic,real madrid,amarelo
Marcos,marcos336,4781,56,riberao preto,detetive pikachu,brasil,amarelo
Luciana,luciana337,4903,65,salvador,paprika,palmeiras,vermelho
Maria,maria338,2249,37,sao paulo,eu sou a lenda,sao paulo,branco
Roberto,roberto339,5847,20,rio de janeiro,era do gelo,brasil,preto
Roberto,roberto340,2427,52,salvador,rocketman,real madrid,preto
Regina,regina341,3124,50,florianopolis,era do gelo,manchester united,vermelho
Maria,maria342,4396,55,manaus,rocketman,corinthians,vermelho
Julia,julia343,3826,28,campinas,detetive pikachu,real madrid,branco
Leandro,leandro344,2873,24,campinas,kimi no na wa,flamengo,roxo
Rick,rick345,4526,36,curitiba,era do gelo,sao caetano,vermelho
Juliana,juliana346,6932,53,rio branco,eu sou a lenda,real madrid,preto
Julia,julia347,6965,47,sao carlos,paprika,flamengo,marrom
Sampaio,sampaio348,4404,54,manaus,rocketman,flamengo,azul
Rick,rick349,9155,22,florianopolis,tomates verdes e fritos,cruzeiro,vermelho
Michele,michele350,7515,48,rio de janeiro,kimi no na wa,barcelona,roxo
Luciana,luciana351,8334,35,rio branco,sonic,sao caetano,azul
Regina,regina352,9345,61,rio de janeiro,kimi no na wa,manchester united,verde
Pedro,pedro353,5989,52,florianopolis,sonic,palmeiras,marrom
Amadeu,amadeu354,5770,13,campinas,tomates verdes e fritos,brasil,branco
Camilla,camilla355,1511,14,sao paulo,detetive pikachu,real madrid,azul
Renata,renata356,5607,16,florianopolis,sonic,flamengo,azul
Amadeu,amadeu357,5843,55,campinas,eu sou a lenda,real madrid,amarelo
Julia,julia358,3963,23,manaus,detetive pikachu,corinthians,branco
Roberto,roberto359,9957,65,riberao preto,eu sou a lenda,flamengo,cinza
Michele,michele360,5210,60,rio de janeiro,paprika,flamengo,azul
Murilo,murilo361,9023,20,sao carlos,sonic,flamengo,cinza
Leandro,leandro362,4091,27,sao paulo,era do gelo,manchester united,vermelho
Leandro,leandro363,8202,33,campinas,shrek,corinthians,vermelho
Reginaldo,reginaldo364,3382,22,riberao preto,shrek,sao caetano,azul
Jonas,jonas365,9779,17,sao carlos,detetive pikachu,corinthians,preto
Juliana,juliana366,2809,15,florianopolis,rocketman,barcelona,cinza
Felipe,felipe367,8980,27,riberao preto,era do gelo,cruzeiro,vermelho
Regina,regina368,9558,58,manaus,tomates verdes e fritos,flamengo,roxo
Rick,rick369,1273,18,campinas,eu sou a lenda,corinthians,marrom
Pedro,pedro370,6057,15,sao carlos,shrek,sao paulo,branco
Juliana,juliana371,6039,63,salvador,sonic,sao paulo,preto
Tiago,tiago372,8458,50,campinas,shrek,real madrid,branco
Annie,annie373,5071,12,rio branco,sonic,sao paulo,verde
Jose,jose374,5201,34,manaus,eu sou a lenda,real madrid,laranja
Teodoro,teodoro375,6979,41,sao paulo,tomates verdes e fritos,real madrid,verde
Maria,maria376,6105,64,florianopolis,kimi no na wa,manchester united,amarelo
Mateus,mateus377,1245,32,sao carlos,sonic,real madrid,roxo
Rick,rick378,6501,53,curitiba,eu sou a lenda,sao paulo,cinza
Roberto,roberto379,6368,30,florianopolis,tomates verdes e fritos,palmeiras,branco
Jose,jose380,3401,47,sao carlos,detetive pikachu,manchester united,branco
Ana,ana381,1793,33,curitiba,novica rebelde,brasil,laranja
Andre,andre382,2479,52,salvador,shrek,real madrid,azul
Reginaldo,reginaldo383,5709,60,rio branco,novica rebelde,sao paulo,cinza
Marcos,marcos384,1269,62,florianopolis,tomates verdes e fritos,real madrid,azul
Tiago,tiago385,9996,69,manaus,eu sou a lenda,barcelona,marrom
Felipe,felipe386,2021,30,riberao preto,tomates verdes e fritos,sao caetano,vermelho
Marcos,marcos387,4992,32,rio branco,paprika,sao paulo,cinza
Rosana,rosana388,4172,54,curitiba,kimi no na wa,manchester united,vermelho
Tereza,tereza389,1572,31,florianopolis,eu sou a lenda,barcelona,roxo
Tiago,tiago390,7328,67,manaus,detetive pikachu,corinthians,roxo
Rosana,rosana391,3844,41,sao carlos,shrek,palmeiras,azul
Jonas,jonas392,1538,66,florianopolis,sonic,cruzeiro,preto
Teodoro,teodoro393,3115,47,curitiba,tomates verdes e fritos,flamengo,preto
Marcos,marcos394,3767,37,salvador,eu sou a lenda,barcelona,cinza
Sampaio,sampaio395,7080,11,rio branco,paprika,manchester united,azul
Amadeu,amadeu396,4611,17,curitiba,sonic,sao caetano,preto
Pedro,pedro397,7293,44,campinas,paprika,sao paulo,roxo
Ana,ana398,2389,36,salvador,sonic,palmeiras,roxo
Regina,regina399,3485,69,rio de janeiro,paprika,flamengo,preto
Rick,rick400,5703,27,campinas,paprika,real madrid,roxo
Marcos,marcos401,5188,38,rio de janeiro,novica rebelde,sao caetano,branco
Roberto,roberto402,2990,14,manaus,kimi no na wa,real madrid,branco
Sampaio,sampaio403,4398,12,manaus,era do gelo,sao caetano,verde
Andre,andre404,1034,60,salvador,rocketman,sao paulo,preto
Luciana,luciana405,5855,35,florianopolis,eu sou a lenda,palmeiras,azul
Mateus,mateus406,9256,11,rio de janeiro,novica rebelde,sao caetano,verde
Jose,jose407,6260,42,manaus,paprika,manchester united,verde
Camilla,camilla408,6139,26,rio de janeiro,rocketman,sao paulo,marrom
Roberto,roberto409,3028,10,salvador,shrek,real madrid,vermelho
Amadeu,amadeu410,3824,39,rio branco,tomates verdes e fritos,manchester united,preto
Marcos,marcos411,6313,59,florianopolis,novica rebelde,barcelona,preto
Tiago,tiago412,9076,64,riberao preto,sonic,sao paulo,branco
Marcos,marcos413,3437,55,sao carlos,sonic,brasil,verde
Almir,almir414,2733,15,sao paulo,rocketman,manchester united,branco
Jonas,jonas415,1590,20,sao carlos,era do gelo,flamengo,branco
Sampaio,sampaio416,3903,23,rio branco,tomates verdes e fritos,sao paulo,marrom
Tereza,tereza417,3628,52,riberao preto,rocketman,real madrid,cinza
Marcos,marcos418,2803,44,manaus,kimi no na wa,cruzeiro,vermelho
Pedro,pedro419,2991,29,campinas,tomates verdes e fritos,real madrid,marrom
Rick,rick420,5381,54,riberao preto,detetive pikachu,flamengo,marrom
Suzana,suzana421,1781,38,riberao preto,kimi no na wa,sao paulo,amarelo
Rick,rick422,6372,29,sao paulo,shrek,flamengo,vermelho
Mateus,mateus423,6012,50,sao paulo,shrek,flamengo,marrom
Rosana,rosana424,5441,38,sao paulo,paprika,corinthians,marrom
Teodoro,teodoro425,2535,41,florianopolis,tomates verdes e fritos,flamengo,laranja
Camilla,camilla426,2269,70,salvador,shrek,barcelona,laranja
Leandro,leandro427,2930,64,riberao preto,shrek,manchester united,cinza
Julia,julia428,6087,43,campinas,eu sou a lenda,sao caetano,verde
Marcos,marcos429,2993,34,florianopolis,kimi no na wa,flamengo,verde
Maria,maria430,9191,21,rio de janeiro,eu sou a lenda,sao paulo,cinza
Teodoro,teodoro431,5391,37,manaus,shrek,barcelona,azul
Regina,regina432,9226,62,sao paulo,sonic,real madrid,verde
Leandro,leandro433,4796,25,salvador,era do gelo,cruzeiro,amarelo
Marcos,marcos434,6304,13,campinas,sonic,corinthians,branco
Julia,julia435,4728,60,manaus,paprika,corinthians,verde
Andre,andre436,6579,53,sao paulo,rocketman,manchester united,roxo
Suzana,suzana437,9895,55,salvador,sonic,flamengo,roxo
Marcos,marcos438,6967,42,sao paulo,tomates verdes e fritos,manchester united,marrom
Amadeu,amadeu439,8471,55,manaus,tomates verdes e fritos,manchester united,verde
Tiago,tiago440,8721,28,riberao preto,sonic,sao caetano,cinza
Suzana,suzana441,6419,66,sao paulo,rocketman,cruzeiro,laranja
Suzana,suzana442,7036,53,sao paulo,kimi no na wa,corinthians,roxo
Andre,andre443,8467,65,manaus,era do gelo,cruzeiro,verde
Michele,michele444,3193,27,sao paulo,novica rebelde,manchester united,cinza
Julia,julia445,6509,48,salvador,tomates verdes e fritos,manchester united,verde
Teodoro,teodoro446,3112,21,florianopolis,paprika,palmeiras,cinza
Ana,ana447,2252,10,florianopolis,paprika,flamengo,roxo
Camilla,camilla448,6267,59,salvador,detetive pikachu,sao caetano,laranja
Michele,michele449,7104,33,salvador,tomates verdes e fritos,sao caetano,roxo
Jose,jose450,6237,53,manaus,detetive pikachu,flamengo,roxo
Jonas,jonas451,8305,69,rio branco,paprika,flamengo,marrom
Michele,michele452,9113,67,salvador,sonic,brasil,azul
Juliana,juliana453,8589,50,rio de janeiro,rocketman,sao caetano,marrom
Sampaio,sampaio454,1637,62,manaus,era do gelo,manchester united,verde
Regina,regina455,5415,55,sao carlos,kimi no na wa,brasil,roxo
Ana,ana456,7278,67,sao carlos,rocketman,palmeiras,marrom
Rosana,rosana457,6815,59,curitiba,sonic,real madrid,verde
Suzana,suzana458,5698,34,florianopolis,rocketman,corinthians,roxo
Ana,ana459,8574,56,riberao preto,kimi no na wa,manchester united,branco
Camilla,camilla460,3038,13,florianopolis,paprika,flamengo,azul
Leandro,leandro461,9011,57,campinas,rocketman,manchester united,azul
Suzana,suzana462,1503,50,sao paulo,rocketman,sao caetano,cinza
Mateus,mateus463,3945,70,curitiba,novica rebelde,brasil,roxo
Jose,jose464,3469,12,sao carlos,rocketman,sao caetano,azul
Luciana,luciana465,1874,15,rio branco,paprika,palmeiras,laranja
Leandro,leandro466,5079,44,salvador,rocketman,corinthians,laranja
Rosana,rosana467,3610,37,rio de janeiro,era do gelo,real madrid,verde
Teodoro,teodoro468,2898,59,rio de janeiro,sonic,palmeiras,amarelo
Annie,annie469,9481,37,curitiba,eu sou a lenda,manchester united,vermelho
Suzana,suzana470,4580,65,salvador,detetive pikachu,real madrid,azul
Marcos,marcos471,7400,51,curitiba,eu sou a lenda,sao paulo,marrom
Camilla,camilla472,6182,33,curitiba,shrek,sao paulo,verde
Almir,almir473,1284,17,rio de janeiro,paprika,manchester united,verde
Suzana,suzana474,1840,11,sao paulo,sonic,flamengo,laranja
Renata,renata475,4873,52,riberao preto,novica rebelde,barcelona,roxo
Tiago,tiago476,5556,62,riberao preto,eu sou a lenda,corinthians,roxo
Reginaldo,reginaldo477,4811,62,sao carlos,sonic,flamengo,vermelho
Luciana,luciana478,5836,14,curitiba,era do gelo,sao caetano,amarelo
Roberto,roberto479,1394,14,curitiba,sonic,brasil,roxo
Camilla,camilla480,2252,29,riberao preto,era do gelo,sao paulo,laranja
Jonas,jonas481,4687,51,salvador,detetive pikachu,manchester united,marrom
Almir,almir482,5692,18,riberao preto,eu sou a lenda,corinthians,roxo
Tereza,tereza483,3736,49,florianopolis,kimi no na wa,brasil,preto
Sampaio,sampaio484,5327,37,curitiba,era do gelo,brasil,roxo
Almir,almir485,9399,53,rio branco,kimi no na wa,real madrid,laranja
Mateus,mateus486,9556,29,curitiba,sonic,real madrid,roxo
Leandro,leandro487,7031,30,rio de janeiro,paprika,flamengo,azul
Juliana,juliana488,7323,28,sao carlos,novica rebelde,brasil,laranja
Teodoro,teodoro489,5599,57,sao paulo,sonic,real madrid,azul
Teodoro,teodoro490,9102,49,rio branco,detetive pikachu,flamengo,amarelo
Renata,renata491,4988,47,florianopolis,novica rebelde,flamengo,azul
Rosana,rosana492,9441,16,curitiba,era do gelo,real madrid,laranja
Sampaio,sampaio493,2488,18,campinas,era do gelo,flamengo,verde
Roberto,roberto494,4695,56,rio branco,kimi no na wa,real madrid,cinza
Mateus,mateus495,4508,28,curitiba,detetive pikachu,flamengo,vermelho
Rick,rick496,8758,35,sao paulo,shrek,manchester united,amarelo
Luciana,luciana497,9410,70,rio de janeiro,eu sou a lenda,sao paulo,cinza
Teodoro,teodoro498,1432,45,florianopolis,sonic,barcelona,cinza
Amadeu,amadeu499,7827,51,rio branco,novica rebelde,flamengo,amarelo
Annie,annie500,8975,56,rio branco,shrek,sao paulo,branco
Leandro,leandro501,7202,34,rio branco,era do gelo,real madrid,preto
Jonas,jonas502,5829,18,curitiba,rocketman,brasil,vermelho
Marcos,marcos503,1736,22,florianopolis,detetive pikachu,palmeiras,marrom
Annie,annie504,8695,19,rio branco,shrek,flamengo,cinza
Jose,jose505,1772,62,sao paulo,shrek,corinthians,azul
Murilo,murilo506,7028,27,sao carlos,tomates verdes e fritos,real madrid,verde
Teodoro,teodoro507,2421,11,florianopolis,tomates verdes e fritos,corinthians,verde
Rosana,rosana508,1893,33,sao paulo,paprika,manchester united,azul
Tereza,tereza509,5221,67,sao carlos,rocketman,brasil,preto
Renata,renata510,1593,25,riberao preto,shrek,manchester united,cinza
Rick,rick511,9557,38,riberao preto,novica rebelde,real madrid,laranja
Renata,renata512,7410,23,curitiba,detetive pikachu,cruzeiro,amarelo
Amadeu,amadeu513,2423,42,curitiba,era do gelo,real madrid,verde
Mateus,mateus514,3478,62,salvador,kimi no na wa,sao paulo,preto
Rosana,rosana515,6790,15,sao paulo,rocketman,manchester united,marrom
Tereza,tereza516,1501,29,sao paulo,shrek,manchester united,amarelo
Julia,julia517,2260,69,manaus,tomates verdes e fritos,manchester united,cinza
Michele,michele518,9927,37,sao carlos,tomates verdes e fritos,barcelona,verde
Andre,andre519,4944,62,campinas,eu sou a lenda,flamengo,marrom
Maria,maria520,5642,37,manaus,rocketman,brasil,amarelo
Renata,renata521,3800,65,rio branco,sonic,palmeiras,preto
Amadeu,amadeu522,4645,14,campinas,kimi no na wa,manchester united,marrom
Maria,maria523,8619,34,rio de janeiro,tomates verdes e fritos,corinthians,branco
Marcos,marcos524,2925,50,sao paulo,shrek,sao paulo,amarelo
Juliana,juliana525,9074,61,campinas,tomates verdes e fritos,brasil,laranja
Maria,maria526,6871,60,curitiba,eu sou a lenda,palmeiras,azul
Regina,regina527,4792,62,sao carlos,tomates verdes e fritos,corinthians,vermelho
Julia,julia528,5777,31,rio branco,shrek,sao caetano,branco
Regina,regina529,2197,33,riberao preto,eu sou a lenda,corinthians,amarelo
Ana,ana530,9986,69,florianopolis,era do gelo,palmeiras,vermelho
Tereza,tereza531,7287,33,sao carlos,novica rebelde,corinthians,preto
Murilo,murilo532,5728,51,rio branco,eu sou a lenda,sao caetano,cinza
Teodoro,teodoro533,1321,60,rio de janeiro,novica rebelde,corinthians,azul
Felipe,felipe534,4967,38,curitiba,sonic,real madrid,vermelho
Rosana,rosana535,3233,49,riberao preto,paprika,sao caetano,branco
Rosana,rosana536,3605,24,curitiba,detetive pikachu,flamengo,vermelho
Pedro,pedro537,9453,25,campinas,paprika,sao caetano,branco
Tiago,tiago538,3550,70,manaus,shrek,real madrid,marrom
Mateus,mateus539,9230,17,rio de janeiro,novica rebelde,brasil,azul
Roberto,roberto540,8111,10,sao carlos,eu sou a lenda,corinthians,verde
Pedro,pedro541,2563,11,riberao preto,novica rebelde,corinthians,amarelo
Rosana,rosana542,4239,33,rio de janeiro,era do gelo,barcelona,laranja
Marcos,marcos543,8684,31,salvador,shrek,real madrid,marrom
Michele,michele544,3049,61,sao paulo,eu sou a lenda,palmeiras,preto
Roberto,roberto545,1979,61,rio branco,tomates verdes e fritos,palmeiras,marrom
Murilo,murilo546,2397,21,curitiba,rocketman,manchester united,marrom
Tiago,tiago547,9699,27,salvador,detetive pikachu,cruzeiro,azul
Andre,andre548,2035,61,salvador,kimi no na wa,cruzeiro,laranja
Marcos,marcos549,5780,57,curitiba,era do gelo,cruzeiro,amarelo
Michele,michele550,5471,22,manaus,era do gelo,real madrid,cinza
Mateus,mateus551,9859,41,manaus,paprika,palmeiras,cinza
Amadeu,amadeu552,5066,65,manaus,rocketman,brasil,cinza
Michele,michele553,4880,36,rio de janeiro,paprika,corinthians,marrom
Andre,andre554,8563,20,salvador,kimi no na wa,barcelona,cinza
Annie,annie555,8102,49,sao carlos,shrek,sao paulo,amarelo
Jonas,jonas556,9716,30,curitiba,sonic,corinthians,cinza
Annie,annie557,9957,54,florianopolis,sonic,sao paulo,roxo
Murilo,murilo558,4538,64,rio branco,tomates verdes e fritos,sao caetano,laranja
Julia,julia559,5137,31,salvador,tomates verdes e fritos,sao caetano,marrom
Suzana,suzana560,2482,22,riberao preto,novica rebelde,manchester united,preto
Julia,julia561,7993,16,salvador,shrek,palmeiras,amarelo
Felipe,felipe562,1106,46,salvador,sonic,manchester united,laranja
Camilla,camilla563,6169,15,rio de janeiro,eu sou a lenda,real madrid,marrom
Almir,almir564,5112,39,manaus,era do gelo,cruzeiro,azul
Amadeu,amadeu565,2963,28,manaus,paprika,barcelona,cinza
Amadeu,amadeu566,3076,27,rio branco,tomates verdes e fritos,palmeiras,laranja
Maria,maria567,4543,18,rio de janeiro,paprika,corinthians,amarelo
Suzana,suzana568,7134,26,rio de janeiro,novica rebelde,brasil,laranja
Amadeu,amadeu569,4916,49,salvador,era do gelo,flamengo,cinza
Maria,maria570,4019,51,curitiba,rocketman,flamengo,vermelho
Sampaio,sampaio571,8694,67,curitiba,tomates verdes e fritos,sao caetano,marrom
Felipe,felipe572,3681,24,rio de janeiro,paprika,manchester united,laranja
Roberto,roberto573,3269,15,florianopolis,era do gelo,brasil,vermelho
Renata,renata574,7126,23,rio branco,eu sou a lenda,palmeiras,amarelo
Andre,andre575,8683,58,manaus,shrek,brasil,cinza
Rick,rick576,8152,45,sao carlos,eu sou a lenda,palmeiras,vermelho
Rosana,rosana577,3957,64,sao carlos,rocketman,flamengo,azul
Almir,almir578,7615,38,campinas,sonic,cruzeiro,laranja
Luciana,luciana579,6149,10,sao paulo,sonic,brasil,amarelo
Tiago,tiago580,5644,25,sao paulo,kimi no na wa,palmeiras,preto
Murilo,murilo581,7021,50,curitiba,paprika,manchester united,verde
Julia,julia582,5976,54,florianopolis,tomates verdes e fritos,sao paulo,amarelo
Tereza,tereza583,8897,13,sao carlos,sonic,sao caetano,roxo
Pedro,pedro584,8633,43,sao paulo,kimi no na wa,palmeiras,roxo
Maria,maria585,6856,32,sao paulo,kimi no na wa,sao caetano,laranja
Juliana,juliana586,6275,23,florianopolis,novica rebelde,flamengo,marrom
Luciana,luciana587,2366,22,sao carlos,eu sou a lenda,corinthians,preto
Regina,regina588,3776,35,manaus,novica rebelde,flamengo,vermelho
Leandro,leandro589,8021,38,sao carlos,sonic,palmeiras,preto
Amadeu,amadeu590,8758,60,sao paulo,sonic,sao caetano,branco
Andre,andre591,1027,53,sao paulo,novica rebelde,flamengo,roxo
Mateus,mateus592,2406,35,campinas,sonic,palmeiras,azul
Camilla,camilla593,8194,33,sao carlos,rocketman,palmeiras,vermelho
Suzana,suzana594,7144,47,riberao preto,rocketman,real madrid,cinza
Annie,annie595,5401,58,salvador,sonic,real madrid,laranja
Maria,maria596,4640,55,florianopolis,rocketman,sao paulo,amarelo
Suzana,suzana597,9809,41,campinas,shrek,palmeiras,marrom
Marcos,marcos598,7688,17,manaus,sonic,brasil,roxo
Annie,annie599,2626,68,rio branco,era do gelo,brasil,laranja
Mateus,mateus600,3267,18,florianopolis,era do gelo,palmeiras,verde
Felipe,felipe601,1268,18,rio de janeiro,eu sou a lenda,cruzeiro,cinza
Teodoro,teodoro602,5878,51,sao carlos,tomates verdes e fritos,palmeiras,laranja
Jonas,jonas603,5924,49,campinas,shrek,cruzeiro,verde
Murilo,murilo604,4178,21,salvador,era do gelo,barcelona,vermelho
Almir,almir605,2864,10,curitiba,tomates verdes e fritos,sao paulo,marrom
Ana,ana606,8123,47,sao paulo,kimi no na wa,corinthians,roxo
Camilla,camilla607,1888,52,manaus,era do gelo,barcelona,azul
Marcos,marcos608,9398,50,riberao preto,tomates verdes e fritos,palmeiras,vermelho
Pedro,pedro609,2579,52,sao carlos,kimi no na wa,brasil,verde
Camilla,camilla610,8676,31,florianopolis,era do gelo,flamengo,cinza
Annie,annie611,3320,14,salvador,kimi no na wa,brasil,branco
Suzana,suzana612,1868,67,manaus,eu sou a lenda,manchester united,roxo
Juliana,juliana613,4983,39,rio de janeiro,era do gelo,sao paulo,vermelho
Suzana,suzana614,8981,70,campinas,shrek,barcelona,amarelo
Marcos,marcos615,3821,33,manaus,rocketman,real madrid,branco
Michele,michele616,3005,64,rio branco,kimi no na wa,palmeiras,vermelho
Renata,renata617,4778,37,campinas,detetive pikachu,flamengo,cinza
Regina,regina618,1987,24,curitiba,paprika,corinthians,roxo
Jonas,jonas619,6168,45,sao carlos,detetive pikachu,flamengo,amarelo
Regina,regina620,4875,36,manaus,era do gelo,barcelona,vermelho
Annie,annie621,2364,48,manaus,rocketman,sao caetano,branco
Luciana,luciana622,1071,62,rio branco,novica rebelde,sao caetano,vermelho
Roberto,roberto623,3884,40,florianopolis,detetive pikachu,sao caetano,branco
Teodoro,teodoro624,1530,37,rio de janeiro,sonic,palmeiras,verde
Tiago,tiago625,3010,67,sao carlos,kimi no na wa,manchester united,amarelo
Rick,rick626,6804,35,manaus,era do gelo,corinthians,preto
Amadeu,amadeu627,4401,52,florianopolis,era do gelo,sao paulo,marrom
Andre,andre628,3483,53,manaus,kimi no na wa,sao paulo,verde
Sampaio,sampaio629,1509,25,rio branco,tomates verdes e fritos,sao paulo,azul
Maria,maria630,7844,41,campinas,sonic,flamengo,branco
Marcos,marcos631,3066,26,florianopolis,era do gelo,flamengo,marrom
Juliana,juliana632,2406,37,florianopolis,sonic,sao paulo,preto
Amadeu,amadeu633,3852,64,salvador,kimi no na wa,sao paulo,laranja
Maria,maria634,3976,49,manaus,eu sou a lenda,sao paulo,branco
Jose,jose635,1975,64,salvador,kimi no na wa,sao paulo,vermelho
Rick,rick636,2212,15,rio de janeiro,tomates verdes e fritos,manchester united,roxo
Jonas,jonas637,7335,35,curitiba,eu sou a lenda,barcelona,azul
Murilo,murilo638,5116,49,sao paulo,shrek,corinthians,vermelho
Pedro,pedro639,5013,26,manaus,rocketman,sao paulo,branco
Pedro,pedro640,3924,29,florianopolis,sonic,real madrid,azul
Amadeu,amadeu641,9655,24,curitiba,era do gelo,cruzeiro,branco
Tereza,tereza642,9864,12,sao paulo,sonic,cruzeiro,roxo
Ana,ana643,9726,39,sao carlos,sonic,brasil,amarelo
Annie,annie644,9179,35,florianopolis,tomates verdes e fritos,brasil,marrom
Tereza,tereza645,2326,58,curitiba,novica rebelde,sao caetano,branco
Teodoro,teodoro646,7272,63,curitiba,era do gelo,flamengo,laranja
Roberto,roberto647,6537,50,manaus,rocketman,sao paulo,amarelo
Suzana,suzana648,9179,68,rio branco,detetive pikachu,barcelona,cinza
Marcos,marcos649,1916,42,riberao preto,tomates verdes e fritos,barcelona,roxo
Marcos,marcos650,4182,16,sao carlos,eu sou a lenda,flamengo,laranja
Jonas,jonas651,9271,18,florianopolis,rocketman,palmeiras,preto
Roberto,roberto652,9697,51,sao carlos,detetive pikachu,cruzeiro,azul
Tereza,tereza653,9961,66,riberao preto,eu sou a lenda,real madrid,amarelo
Renata,renata654,8008,51,riberao preto,novica rebelde,brasil,cinza
Mateus,mateus655,7998,36,rio branco,era do gelo,manchester united,marrom
Ana,ana656,4414,69,manaus,kimi no na wa,cruzeiro,amarelo
Felipe,felipe657,3582,44,rio branco,tomates verdes e fritos,real madrid,verde
Marcos,marcos658,9439,19,riberao preto,shrek,palmeiras,amarelo
Reginaldo,reginaldo659,6533,26,sao paulo,kimi no na wa,brasil,branco
Rosana,rosana660,3465,53,manaus,era do gelo,brasil,verde
Annie,annie661,4255,18,rio de janeiro,era do gelo,cruzeiro,roxo
Michele,michele662,2629,58,manaus,novica rebelde,flamengo,azul
Sampaio,sampaio663,7918,38,campinas,kimi no na wa,brasil,marrom
Teodoro,teodoro664,5012,50,florianopolis,shrek,barcelona,roxo
Marcos,marcos665,1746,62,manaus,sonic,flamengo,laranja
Rosana,rosana666,7237,54,sao paulo,detetive pikachu,manchester united,vermelho
Annie,annie667,5139,32,florianopolis,tomates verdes e fritos,palmeiras,laranja
Andre,andre668,6303,23,manaus,eu sou a lenda,palmeiras,preto
Amadeu,amadeu669,3435,36,sao carlos,kimi no na wa,corinthians,amarelo
Teodoro,teodoro670,3574,15,florianopolis,paprika,palmeiras,branco
Reginaldo,reginaldo671,4031,25,florianopolis,shrek,cruzeiro,verde
Suzana,suzana672,5284,21,campinas,eu sou a lenda,real madrid,azul
Roberto,roberto673,3729,26,florianopolis,rocketman,brasil,branco
Michele,michele674,1071,39,riberao preto,tomates verdes e fritos,manchester united,verde
Almir,almir675,4533,42,sao carlos,shrek,brasil,branco
Leandro,leandro676,4741,49,salvador,detetive pikachu,palmeiras,roxo
Rick,rick677,3213,23,sao paulo,rocketman,real madrid,branco
Roberto,roberto678,2884,64,sao paulo,tomates verdes e fritos,barcelona,marrom
Jose,jose679,9574,33,riberao preto,kimi no na wa,flamengo,branco
Rosana,rosana680,7422,63,campinas,novica rebelde,manchester united,roxo
Suzana,suzana681,4257,30,rio branco,era do gelo,manchester united,azul
Tiago,tiago682,1455,67,rio de janeiro,tomates verdes e fritos,palmeiras,vermelho
Regina,regina683,2993,16,rio branco,novica rebelde,real madrid,marrom
Leandro,leandro684,4840,51,salvador,novica rebelde,manchester united,roxo
Almir,almir685,1870,31,rio de janeiro,sonic,cruzeiro,preto
Rosana,rosana686,3229,28,rio de janeiro,tomates verdes e fritos,corinthians,laranja
Julia,julia687,1861,60,sao paulo,kimi no na wa,flamengo,azul
Jose,jose688,4972,58,sao paulo,detetive pikachu,real madrid,verde
Suzana,suzana689,1435,58,rio de janeiro,novica rebelde,sao paulo,laranja
Andre,andre690,8554,61,campinas,eu sou a lenda,sao paulo,cinza
Marcos,marcos691,4550,34,rio branco,sonic,corinthians,branco
Sampaio,sampaio692,2573,10,rio de janeiro,era do gelo,palmeiras,vermelho
Jose,jose693,3538,65,curitiba,kimi no na wa,brasil,marrom
Regina,regina694,8773,30,sao paulo,shrek,sao paulo,marrom
Teodoro,teodoro695,3880,49,sao carlos,shrek,sao caetano,roxo
Felipe,felipe696,3486,16,sao paulo,sonic,sao paulo,vermelho
Rosana,rosana697,9128,47,salvador,novica rebelde,manchester united,azul
Jose,jose698,3247,59,rio branco,novica rebelde,sao paulo,azul
Sampaio,sampaio699,4001,60,campinas,era do gelo,real madrid,marrom
Marcos,marcos700,5573,65,salvador,shrek,sao caetano,laranja
Ana,ana701,1932,64,manaus,eu sou a lenda,manchester united,cinza
Mateus,mateus702,1460,64,riberao preto,kimi no na wa,brasil,verde
Murilo,murilo703,8839,56,rio de janeiro,tomates verdes e fritos,manchester united,cinza
Reginaldo,reginaldo704,1501,47,rio de janeiro,rocketman,manchester united,marrom
Renata,renata705,5720,33,salvador,era do gelo,corinthians,cinza
Camilla,camilla706,8168,55,florianopolis,detetive pikachu,cruzeiro,laranja
Tiago,tiago707,4212,24,salvador,tomates verdes e fritos,sao caetano,marrom
Luciana,luciana708,6339,48,rio de janeiro,era do gelo,corinthians,laranja
Felipe,felipe709,7988,29,salvador,kimi no na wa,cruzeiro,roxo
Michele,michele710,9816,11,salvador,shrek,brasil,vermelho
Camilla,camilla711,4743,66,riberao preto,shrek,sao paulo,vermelho
Suzana,suzana712,2449,17,curitiba,shrek,brasil,marrom
Murilo,murilo713,1141,24,campinas,shrek,manchester united,roxo
Rosana,rosana714,3296,29,sao paulo,tomates verdes e fritos,barcelona,laranja
Suzana,suzana715,2162,69,campinas,rocketman,flamengo,amarelo
Juliana,juliana716,1539,55,manaus,tomates verdes e fritos,palmeiras,marrom
Annie,annie717,6718,39,manaus,era do gelo,brasil,branco
Luciana,luciana718,3447,20,salvador,rocketman,real madrid,laranja
Amadeu,amadeu719,8638,18,riberao preto,paprika,sao paulo,amarelo
Leandro,leandro720,1207,59,florianopolis,eu sou a lenda,manchester united,roxo
Juliana,juliana721,4875,65,rio de janeiro,eu sou a lenda,barcelona,verde
Jonas,jonas722,1939,49,sao carlos,kimi no na wa,palmeiras,verde
Michele,michele723,3855,25,campinas,novica rebelde,real madrid,amarelo
Tiago,tiago724,5692,61,campinas,rocketman,cruzeiro,laranja
Camilla,camilla725,2965,50,rio branco,era do gelo,manchester united,preto
Jonas,jonas726,9711,62,curitiba,eu sou a lenda,manchester united,laranja
Luciana,luciana727,4084,27,manaus,era do gelo,manchester united,azul
Sampaio,sampaio728,9503,37,rio branco,sonic,barcelona,verde
Suzana,suzana729,9659,18,campinas,novica rebelde,palmeiras,laranja
Sampaio,sampaio730,4528,57,salvador,kimi no na wa,cruzeiro,branco
Luciana,luciana731,2494,44,florianopolis,rocketman,palmeiras,preto
Mateus,mateus732,4631,25,rio branco,kimi no na wa,brasil,branco
Sampaio,sampaio733,1064,46,florianopolis,paprika,brasil,amarelo
Tiago,tiago734,6025,11,rio branco,paprika,palmeiras,laranja
Juliana,juliana735,5121,40,riberao preto,era do gelo,sao caetano,verde
Tiago,tiago736,9359,62,manaus,kimi no na wa,sao paulo,preto
Tereza,tereza737,8304,25,curitiba,detetive pikachu,palmeiras,vermelho
Teodoro,teodoro738,6482,57,rio branco,novica rebelde,palmeiras,branco
Roberto,roberto739,6637,36,curitiba,eu sou a lenda,flamengo,roxo
Tereza,tereza740,1112,58,florianopolis,paprika,cruzeiro,roxo
Almir,almir741,7799,36,rio branco,rocketman,brasil,amarelo
Marcos,marcos742,6077,56,sao carlos,novica rebelde,manchester united,roxo
Renata,renata743,4312,11,curitiba,paprika,real madrid,cinza
Rosana,rosana744,4716,13,riberao preto,sonic,palmeiras,verde
Marcos,marcos745,5509,57,campinas,tomates verdes e fritos,corinthians,laranja
Sampaio,sampaio746,9210,12,rio de janeiro,sonic,palmeiras,vermelho
Maria,maria747,4298,40,rio branco,shrek,manchester united,amarelo
Jonas,jonas748,9954,30,florianopolis,sonic,barcelona,laranja
Sampaio,sampaio749,3208,23,rio de janeiro,shrek,flamengo,cinza
Suzana,suzana750,2858,36,florianopolis,novica rebelde,real madrid,azul
Andre,andre751,3637,35,rio de janeiro,era do gelo,flamengo,preto
Murilo,murilo752,4945,51,sao carlos,sonic,sao caetano,branco
Reginaldo,reginaldo753,4736,42,campinas,era do gelo,brasil,cinza
Murilo,murilo754,7704,53,curitiba,paprika,sao paulo,preto
Rosana,rosana755,6668,26,campinas,paprika,cruzeiro,branco
Andre,andre756,6449,18,rio branco,eu sou a lenda,palmeiras,azul
Regina,regina757,8668,11,manaus,tomates verdes e fritos,manchester united,branco
Michele,michele758,3754,62,manaus,eu sou a lenda,manchester united,marrom
Suzana,suzana759,7602,69,sao paulo,kimi no na wa,corinthians,marrom
Almir,almir760,9499,49,florianopolis,rocketman,brasil,cinza
Andre,andre761,6629,67,sao paulo,sonic,flamengo,vermelho
Amadeu,amadeu762,5785,33,campinas,detetive pikachu,corinthians,azul
Pedro,pedro763,8503,55,florianopolis,rocketman,brasil,branco
Michele,michele764,9866,52,rio de janeiro,paprika,barcelona,azul
Regina,regina765,2306,66,sao paulo,shrek,palmeiras,roxo
Ana,ana766,8661,42,rio branco,kimi no na wa,flamengo,verde
Felipe,felipe767,2507,51,sao carlos,eu sou a lenda,real madrid,azul
Julia,julia768,2403,68,curitiba,novica rebelde,cruzeiro,marrom
Rosana,rosana769,1152,58,salvador,novica rebelde,brasil,verde
Michele,michele770,6490,56,sao carlos,sonic,barcelona,roxo
Reginaldo,reginaldo771,2966,61,sao paulo,kimi no na wa,manchester united,roxo
Murilo,murilo772,9417,20,rio branco,eu sou a lenda,sao paulo,amarelo
Ana,ana773,8254,20,manaus,detetive pikachu,flamengo,cinza
Annie,annie774,7379,39,rio branco,kimi no na wa,corinthians,azul
Teodoro,teodoro775,5905,26,campinas,shrek,sao paulo,verde
Tiago,tiago776,6610,62,salvador,rocketman,sao caetano,amarelo
Maria,maria777,2612,67,florianopolis,paprika,sao paulo,roxo
Sampaio,sampaio778,1856,12,riberao preto,detetive pikachu,manchester united,marrom
Roberto,roberto779,7813,59,rio branco,kimi no na wa,sao caetano,laranja
Rosana,rosana780,2747,23,rio de janeiro,detetive pikachu,sao caetano,marrom
Marcos,marcos781,2091,24,sao paulo,kimi no na wa,sao paulo,branco
Almir,almir782,3822,15,sao paulo,sonic,sao paulo,cinza
Felipe,felipe783,6804,46,manaus,sonic,real madrid,preto
Tereza,tereza784,5411,56,riberao preto,era do gelo,flamengo,branco
Jose,jose785,1588,54,florianopolis,novica rebelde,flamengo,branco
Jose,jose786,2577,59,riberao preto,sonic,flamengo,cinza
Pedro,pedro787,1334,55,sao carlos,era do gelo,barcelona,amarelo
Rosana,rosana788,7834,51,riberao preto,tomates verdes e fritos,real madrid,laranja
Michele,michele789,4913,43,curitiba,rocketman,corinthians,vermelho
Tereza,tereza790,3358,23,sao carlos,sonic,sao caetano,branco
Michele,michele791,9429,59,florianopolis,paprika,manchester united,branco
Maria,maria792,9266,33,riberao preto,era do gelo,sao caetano,laranja
Michele,michele793,5645,15,florianopolis,paprika,cruzeiro,preto
Luciana,luciana794,9184,47,sao carlos,novica rebelde,palmeiras,vermelho
Andre,andre795,8737,25,salvador,shrek,sao caetano,vermelho
Amadeu,amadeu796,6753,27,curitiba,rocketman,cruzeiro,roxo
Ana,ana797,7645,52,sao carlos,tomates verdes e fritos,brasil,azul
Felipe,felipe798,4688,29,campinas,kimi no na wa,flamengo,marrom
Jose,jose799,7852,16,sao paulo,era do gelo,barcelona,verde
Murilo,murilo800,4945,70,sao carlos,eu sou a lenda,corinthians,verde
Camilla,camilla801,9635,57,florianopolis,era do gelo,real madrid,azul
Rick,rick802,3285,13,sao carlos,era do gelo,barcelona,cinza
Annie,annie803,3809,47,curitiba,eu sou a lenda,brasil,laranja
Tereza,tereza804,1739,22,sao carlos,rocketman,corinthians,preto
Andre,andre805,5383,65,rio de janeiro,sonic,cruzeiro,roxo
Tiago,tiago806,2483,18,sao paulo,sonic,sao paulo,preto
Rosana,rosana807,6194,14,sao paulo,detetive pikachu,cruzeiro,laranja
Rick,rick808,4550,16,campinas,sonic,barcelona,marrom
Annie,annie809,5688,14,salvador,eu sou a lenda,flamengo,cinza
Regina,regina810,7051,66,salvador,detetive pikachu,sao caetano,verde
Ana,ana811,3431,67,manaus,detetive pikachu,sao caetano,amarelo
Jonas,jonas812,7278,67,campinas,eu sou a lenda,sao caetano,vermelho
Julia,julia813,4389,17,salvador,detetive pikachu,sao paulo,roxo
Michele,michele814,2578,70,manaus,detetive pikachu,flamengo,branco
Tereza,tereza815,9971,49,rio branco,tomates verdes e fritos,cruzeiro,preto
Roberto,roberto816,6619,51,florianopolis,kimi no na wa,cruzeiro,laranja
Murilo,murilo817,7159,65,rio branco,eu sou a lenda,sao caetano,laranja
Rick,rick818,3049,53,florianopolis,sonic,cruzeiro,preto
Ana,ana819,6616,21,rio branco,era do gelo,palmeiras,cinza
Pedro,pedro820,4986,19,sao paulo,eu sou a lenda,palmeiras,cinza
Murilo,murilo821,5219,34,florianopolis,novica rebelde,barcelona,marrom
Felipe,felipe822,4096,30,sao carlos,rocketman,sao caetano,azul
Annie,annie823,7693,25,rio de janeiro,kimi no na wa,real madrid,roxo
Annie,annie824,3537,12,florianopolis,shrek,sao paulo,cinza
Teodoro,teodoro825,1322,54,sao carlos,rocketman,sao paulo,branco
Maria,maria826,5017,56,florianopolis,shrek,sao paulo,azul
Marcos,marcos827,2334,14,manaus,detetive pikachu,barcelona,laranja
Almir,almir828,8074,54,rio de janeiro,eu sou a lenda,brasil,roxo
Teodoro,teodoro829,9621,10,salvador,paprika,brasil,marrom
Jose,jose830,8840,55,sao carlos,kimi no na wa,manchester united,azul
Roberto,roberto831,6629,14,curitiba,shrek,sao paulo,cinza
Maria,maria832,5464,32,rio branco,tomates verdes e fritos,sao caetano,roxo
Renata,renata833,8722,28,sao carlos,detetive pikachu,barcelona,marrom
Sampaio,sampaio834,1344,40,manaus,paprika,corinthians,amarelo
Ana,ana835,7899,40,manaus,kimi no na wa,manchester united,cinza
Mateus,mateus836,7470,47,florianopolis,tomates verdes e fritos,flamengo,marrom
Jose,jose837,1711,66,florianopolis,paprika,corinthians,branco
Amadeu,amadeu838,5794,53,salvador,rocketman,corinthians,cinza
Regina,regina839,5128,30,riberao preto,tomates verdes e fritos,palmeiras,azul
Camilla,camilla840,4532,61,riberao preto,novica rebelde,real madrid,verde
Renata,renata841,5006,32,florianopolis,rocketman,barcelona,verde
Regina,regina842,5803,50,rio de janeiro,eu sou a lenda,barcelona,marrom
Camilla,camilla843,6338,49,sao carlos,eu sou a lenda,flamengo,cinza
Almir,almir844,8298,62,florianopolis,tomates verdes e fritos,brasil,verde
Juliana,juliana845,2595,27,campinas,era do gelo,cruzeiro,amarelo
Tiago,tiago846,9727,18,campinas,rocketman,brasil,cinza
Julia,julia847,2592,46,rio de janeiro,shrek,corinthians,vermelho
Sampaio,sampaio848,3080,19,sao paulo,eu sou a lenda,sao caetano,branco
Ana,ana849,7603,51,salvador,paprika,flamengo,preto
Leandro,leandro850,6687,50,campinas,era do gelo,palmeiras,preto
Roberto,roberto851,6394,16,campinas,shrek,brasil,cinza
Leandro,leandro852,9615,22,manaus,novica rebelde,barcelona,amarelo
Ana,ana853,4372,38,curitiba,novica rebelde,sao paulo,azul
Suzana,suzana854,1898,24,salvador,shrek,flamengo,preto
Renata,renata855,7363,41,curitiba,kimi no na wa,cruzeiro,roxo
Rosana,rosana856,4060,70,campinas,tomates verdes e fritos,corinthians,branco
Jose,jose857,6033,38,riberao preto,paprika,flamengo,roxo
Marcos,marcos858,1544,23,sao paulo,novica rebelde,real madrid,verde
Pedro,pedro859,4348,61,rio de janeiro,eu sou a lenda,barcelona,verde
Marcos,marcos860,9985,57,curitiba,kimi no na wa,brasil,azul
Camilla,camilla861,9781,15,sao carlos,rocketman,manchester united,cinza
Regina,regina862,5377,11,salvador,rocketman,corinthians,laranja
Tereza,tereza863,7543,21,salvador,eu sou a lenda,sao caetano,cinza
Mateus,mateus864,4634,39,salvador,sonic,corinthians,azul
Jonas,jonas865,1365,17,manaus,eu sou a lenda,corinthians,amarelo
Julia,julia866,8057,30,sao paulo,tomates verdes e fritos,barcelona,laranja
Sampaio,sampaio867,6642,16,salvador,kimi no na wa,corinthians,roxo
Regina,regina868,3971,67,campinas,shrek,real madrid,roxo
Tiago,tiago869,7354,23,florianopolis,shrek,barcelona,preto
Amadeu,amadeu870,6228,55,manaus,kimi no na wa,sao caetano,vermelho
Camilla,camilla871,5098,62,curitiba,eu sou a lenda,flamengo,branco
Luciana,luciana872,3399,16,florianopolis,rocketman,sao caetano,laranja
Renata,renata873,5409,53,curitiba,novica rebelde,flamengo,vermelho
Rick,rick874,3700,46,riberao preto,detetive pikachu,barcelona,azul
Ana,ana875,4938,31,florianopolis,detetive pikachu,corinthians,vermelho
Annie,annie876,2741,29,curitiba,sonic,real madrid,vermelho
Marcos,marcos877,5194,60,manaus,paprika,manchester united,cinza
Tiago,tiago878,5334,22,sao paulo,shrek,brasil,cinza
Maria,maria879,2308,60,rio branco,rocketman,sao paulo,marrom
Regina,regina880,4562,17,curitiba,rocketman,real madrid,cinza
Marcos,marcos881,8684,20,sao carlos,kimi no na wa,flamengo,amarelo
Almir,almir882,5722,31,curitiba,eu sou a lenda,manchester united,laranja
Teodoro,teodoro883,4087,29,curitiba,sonic,sao paulo,vermelho
Rosana,rosana884,3864,19,salvador,shrek,corinthians,branco
Juliana,juliana885,7440,62,manaus,rocketman,sao caetano,amarelo
Pedro,pedro886,1116,68,sao carlos,rocketman,barcelona,laranja
Leandro,leandro887,8641,17,manaus,novica rebelde,real madrid,marrom
Tereza,tereza888,6246,18,riberao preto,paprika,corinthians,preto
Camilla,camilla889,6129,28,rio branco,tomates verdes e fritos,sao paulo,preto
Reginaldo,reginaldo890,2682,54,riberao preto,novica rebelde,cruzeiro,branco
Jonas,jonas891,9884,40,rio de janeiro,detetive pikachu,cruzeiro,verde
Suzana,suzana892,1528,34,riberao preto,era do gelo,manchester united,amarelo
Leandro,leandro893,8487,56,sao carlos,sonic,sao caetano,azul
Tereza,tereza894,2968,31,salvador,sonic,sao caetano,preto
Andre,andre895,7899,21,manaus,shrek,cruzeiro,verde
Andre,andre896,3871,24,campinas,kimi no na wa,cruzeiro,vermelho
Suzana,suzana897,2558,58,salvador,eu sou a lenda,manchester united,marrom
Murilo,murilo898,6450,58,sao paulo,detetive pikachu,sao paulo,verde
Ana,ana899,3069,66,florianopolis,paprika,sao paulo,roxo
Amadeu,amadeu900,8380,59,manaus,novica rebelde,sao caetano,branco
Leandro,leandro901,7089,27,salvador,detetive pikachu,sao caetano,azul
Reginaldo,reginaldo902,6581,60,rio de janeiro,tomates verdes e fritos,cruzeiro,vermelho
Marcos,marcos903,7907,70,rio de janeiro,paprika,flamengo,roxo
Annie,annie904,1329,28,riberao preto,detetive pikachu,sao caetano,azul
Annie,annie905,2271,12,salvador,detetive pikachu,barcelona,azul
Maria,maria906,4609,19,salvador,eu sou a lenda,flamengo,marrom
Ana,ana907,6292,18,rio de janeiro,kimi no na wa,sao paulo,laranja
Renata,renata908,1437,52,manaus,eu sou a lenda,flamengo,azul
Rick,rick909,1791,20,rio branco,tomates verdes e fritos,corinthians,amarelo
Marcos,marcos910,5921,40,riberao preto,paprika,cruzeiro,preto
Annie,annie911,6558,11,rio de janeiro,tomates verdes e fritos,sao paulo,laranja
Julia,julia912,3634,15,rio branco,kimi no na wa,brasil,preto
Luciana,luciana913,7956,31,manaus,detetive pikachu,manchester united,vermelho
Rosana,rosana914,7716,56,sao carlos,tomates verdes e fritos,corinthians,cinza
Ana,ana915,9143,15,rio de janeiro,rocketman,sao paulo,amarelo
Jonas,jonas916,3426,67,rio de janeiro,rocketman,sao caetano,preto
Michele,michele917,8323,38,manaus,rocketman,palmeiras,verde
Luciana,luciana918,4104,10,salvador,eu sou a lenda,brasil,verde
Marcos,marcos919,1149,42,campinas,paprika,cruzeiro,cinza
Luciana,luciana920,7518,25,sao carlos,paprika,corinthians,amarelo
Julia,julia921,3068,50,curitiba,eu sou a lenda,sao paulo,marrom
Camilla,camilla922,9524,39,sao paulo,tomates verdes e fritos,real madrid,verde
Marcos,marcos923,3270,27,riberao preto,tomates verdes e fritos,palmeiras,vermelho
Mateus,mateus924,4888,23,campinas,novica rebelde,real madrid,cinza
Tiago,tiago925,7208,26,riberao preto,paprika,flamengo,roxo
Rick,rick926,1566,68,salvador,eu sou a lenda,real madrid,verde
Juliana,juliana927,9425,27,campinas,novica rebelde,manchester united,amarelo
Regina,regina928,4553,61,campinas,detetive pikachu,sao caetano,preto
Annie,annie929,6080,15,sao carlos,tomates verdes e fritos,barcelona,cinza
Mateus,mateus930,3594,10,sao carlos,kimi no na wa,flamengo,marrom
Marcos,marcos931,4663,34,campinas,kimi no na wa,cruzeiro,vermelho
Leandro,leandro932,3409,58,rio branco,era do gelo,cruzeiro,verde
Jose,jose933,7517,66,curitiba,tomates verdes e fritos,sao caetano,verde
Leandro,leandro934,4254,37,riberao preto,era do gelo,real madrid,cinza
Suzana,suzana935,4746,45,manaus,detetive pikachu,flamengo,azul
Mateus,mateus936,7102,32,campinas,paprika,sao paulo,verde
Andre,andre937,8441,29,sao paulo,rocketman,corinthians,laranja
Reginaldo,reginaldo938,3236,20,manaus,era do gelo,cruzeiro,roxo
Almir,almir939,1695,68,rio de janeiro,sonic,manchester united,verde
Juliana,juliana940,5756,49,curitiba,tomates verdes e fritos,sao caetano,roxo
Tiago,tiago941,2815,63,riberao preto,eu sou a lenda,sao paulo,cinza
Julia,julia942,4920,36,curitiba,era do gelo,cruzeiro,cinza
Juliana,juliana943,3074,65,salvador,kimi no na wa,palmeiras,cinza
Teodoro,teodoro944,4580,36,sao carlos,paprika,sao caetano,verde
Tiago,tiago945,2002,57,rio de janeiro,kimi no na wa,cruzeiro,azul
Renata,renata946,8615,65,rio branco,tomates verdes e fritos,barcelona,vermelho
Rick,rick947,9468,18,rio de janeiro,novica rebelde,sao caetano,cinza
Regina,regina948,9132,48,rio de janeiro,kimi no na wa,sao caetano,vermelho
Ana,ana949,2389,10,manaus,tomates verdes e fritos,brasil,verde
Julia,julia950,4932,52,rio branco,tomates verdes e fritos,manchester united,cinza
Julia,julia951,9389,21,salvador,detetive pikachu,barcelona,marrom
Marcos,marcos952,4351,46,salvador,tomates verdes e fritos,corinthians,cinza
Julia,julia953,3701,22,florianopolis,sonic,corinthians,roxo
Jonas,jonas954,9891,59,rio de janeiro,sonic,manchester united,preto
Tereza,tereza955,1929,13,rio de janeiro,eu sou a lenda,corinthians,cinza
Michele,michele956,6141,46,rio branco,paprika,sao paulo,amarelo
Felipe,felipe957,4877,27,riberao preto,shrek,real madrid,verde
Mateus,mateus958,7201,56,rio branco,era do gelo,manchester united,preto
Roberto,roberto959,1782,35,florianopolis,novica rebelde,real madrid,azul
Felipe,felipe960,7592,64,sao carlos,kimi no na wa,real madrid,azul
Ana,ana961,7094,44,curitiba,novica rebelde,palmeiras,preto
Reginaldo,reginaldo962,3987,62,sao paulo,eu sou a lenda,cruzeiro,branco
Tereza,tereza963,2957,18,riberao preto,kimi no na wa,manchester united,verde
Jose,jose964,1442,52,riberao preto,shrek,manchester united,cinza
Rosana,rosana965,1518,67,manaus,shrek,manchester united,cinza
Reginaldo,reginaldo966,4185,13,campinas,era do gelo,flamengo,marrom
Tereza,tereza967,6111,48,curitiba,shrek,brasil,preto
Rosana,rosana968,4014,59,salvador,kimi no na wa,manchester united,vermelho
Mateus,mateus969,1764,19,rio de janeiro,novica rebelde,sao paulo,laranja
Pedro,pedro970,6477,33,riberao preto,paprika,real madrid,amarelo
Maria,maria971,4435,16,manaus,paprika,brasil,marrom
Jonas,jonas972,5672,68,florianopolis,detetive pikachu,brasil,amarelo
Ana,ana973,3574,53,curitiba,kimi no na wa,palmeiras,verde
Jose,jose974,9775,24,manaus,rocketman,cruzeiro,roxo
Leandro,leandro975,1667,41,sao carlos,sonic,cruzeiro,laranja
Murilo,murilo976,4309,28,sao carlos,detetive pikachu,corinthians,branco
Jonas,jonas977,1487,32,rio branco,kimi no na wa,sao caetano,vermelho
Jonas,jonas978,9665,12,rio de janeiro,paprika,corinthians,verde
Leandro,leandro979,9121,54,sao paulo,paprika,corinthians,preto
Luciana,luciana980,8757,59,florianopolis,tomates verdes e fritos,sao paulo,branco
Roberto,roberto981,4572,67,florianopolis,sonic,barcelona,cinza
Teodoro,teodoro982,4672,23,salvador,kimi no na wa,corinthians,marrom
Juliana,juliana983,5816,30,florianopolis,sonic,sao caetano,cinza
Murilo,murilo984,3792,19,florianopolis,novica rebelde,flamengo,verde
Murilo,murilo985,1848,50,salvador,sonic,cruzeiro,vermelho
Rick,rick986,9327,22,riberao preto,kimi no na wa,real madrid,preto
Tereza,tereza987,7195,68,sao paulo,tomates verdes e fritos,barcelona,cinza
Maria,maria988,4392,55,sao paulo,era do gelo,flamengo,branco
Reginaldo,reginaldo989,8862,46,rio de janeiro,paprika,corinthians,marrom
Regina,regina990,8873,19,curitiba,detetive pikachu,barcelona,roxo
Tiago,tiago991,8183,32,florianopolis,sonic,barcelona,cinza
Jonas,jonas992,6772,52,manaus,eu sou a lenda,real madrid,amarelo
Tereza,tereza993,4029,32,salvador,tomates verdes e fritos,flamengo,cinza
Mateus,mateus994,3180,46,campinas,novica rebelde,brasil,azul
Michele,michele995,2149,20,sao paulo,paprika,manchester united,cinza
Murilo,murilo996,8908,55,sao carlos,rocketman,real madrid,amarelo
Leandro,leandro997,8811,67,rio de janeiro,tomates verdes e fritos,barcelona,cinza
Murilo,murilo998,3540,48,salvador,rocketman,corinthians,preto
Camilla,camilla999,1012,26,salvador,novica rebelde,real madrid,verde
Marcos,marcos1000,9871,40,curitiba,detetive pikachu,corinthians,laranja
